﻿<?xml version="1.0" encoding="utf-8"?>
<MakeParameters xmlns:xsd="http://www.w3.org/2001/XMLSchema" xmlns:xsi="http://www.w3.org/2001/XMLSchema-instance">
  <VersionInfo MajorVer="2" MinorVer="0" BuildVer="126" PrivateVer="0">
    <ProcessName>VTT.exe</ProcessName>
  </VersionInfo>
  <Timestamp>2023-03-11T14:22:54.5563772+01:00</Timestamp>
  <GlobalMakeStepList>
    <MakeStep FullName="Vector.VTT.Generator.GenerateVsProject" HashCode="7ffdd875cbfc84bbdd0b1707fe5722bc" Duration="3509">2023-03-11T14:22:54.1334481+01:00</MakeStep>
    <MakeStep FullName="Vector.VTT.Generator.GenerateSignalAndSysVarCsvFile" HashCode="f59c2e05203bf332ab3ef9445f9e3948" Duration="1000">2023-03-10T11:35:22.4840887+01:00</MakeStep>
  </GlobalMakeStepList>
  <EcuInfoList>
    <EcuInfo>
      <EcuName>MyECU</EcuName>
      <MakeStepList>
        <MakeStep FullName="Vector.VTT.Generator.GenerateRteHooks" HashCode="cd9a4d20b2d224d46612b0f2c34d6696" Duration="1000">2023-03-11T14:22:50.5654613+01:00</MakeStep>
        <MakeStep FullName="Vector.VTT.Generator.PopulateSourceFiles" Duration="1000">2021-06-05T17:40:10.9044799+02:00</MakeStep>
      </MakeStepList>
    </EcuInfo>
  </EcuInfoList>
</MakeParameters>