<AUTOSAR><MODULE-CONFIGURATION DEFINITION="/MICROSAR/Dcm" IMPLEMENTATION-CONFIG-VARIANT="VARIANT-PRE-COMPILE" INITIAL="true" MODULE-DESCRIPTION="/MICROSAR/Dcm/Dcm_Impl" SHORTNAME="Dcm"><CONTAINERS><CONTAINER DEFINITION="DcmConfigSet" INITIAL="true" SHORTNAME="DcmConfigSet"><SUB-CONTAINERS><CONTAINER DEFINITION="DcmDsd" INITIAL="true" SHORTNAME="DcmDsd"><SUB-CONTAINERS><CONTAINER DEFINITION="DcmDsdServiceTable" INITIAL="true" SHORTNAME="DcmDsdServiceTable"><SUB-CONTAINERS><CONTAINER DEFINITION="DcmDsdService" INITIAL="true" SHORTNAME="DiagSessionControl"><PARAMETERS><PARAMETER DEFINITION="DcmDsdSidTabServiceId" INITIAL="true" VALUE="16" /><PARAMETER DEFINITION="DcmDsdSidTabSubfuncAvail" INITIAL="true" VALUE="true" /></PARAMETERS><SUB-CONTAINERS><CONTAINER DEFINITION="DcmDsdSubService" INITIAL="true" SHORTNAME="Default"><PARAMETERS><PARAMETER DEFINITION="DcmDsdSubServiceId" INITIAL="true" VALUE="1" /></PARAMETERS></CONTAINER><CONTAINER DEFINITION="DcmDsdSubService" INITIAL="true" SHORTNAME="Programming"><PARAMETERS><PARAMETER DEFINITION="DcmDsdSubServiceId" INITIAL="true" VALUE="2" /><PARAMETER DEFINITION="DcmDsdSubServiceSessionLevelRef" INITIAL="true" VALUE="Dcm/DcmConfigSet/DcmDsp/DcmDspSession/Programming" /><PARAMETER DEFINITION="DcmDsdSubServiceSessionLevelRef" INITIAL="true" VALUE="Dcm/DcmConfigSet/DcmDsp/DcmDspSession/Extended" /></PARAMETERS></CONTAINER><CONTAINER DEFINITION="DcmDsdSubService" INITIAL="true" SHORTNAME="Extended"><PARAMETERS><PARAMETER DEFINITION="DcmDsdSubServiceId" INITIAL="true" VALUE="3" /></PARAMETERS></CONTAINER></SUB-CONTAINERS></CONTAINER><CONTAINER DEFINITION="DcmDsdService" INITIAL="true" SHORTNAME="EcuReset"><PARAMETERS><PARAMETER DEFINITION="DcmDsdSidTabServiceId" INITIAL="true" VALUE="17" /><PARAMETER DEFINITION="DcmDsdSidTabSubfuncAvail" INITIAL="true" VALUE="true" /></PARAMETERS><SUB-CONTAINERS><CONTAINER DEFINITION="DcmDsdSubService" INITIAL="true" SHORTNAME="Hard"><PARAMETERS><PARAMETER DEFINITION="DcmDsdSubServiceId" INITIAL="true" VALUE="1" /></PARAMETERS></CONTAINER></SUB-CONTAINERS></CONTAINER><CONTAINER DEFINITION="DcmDsdService" INITIAL="true" SHORTNAME="ClearDiagInfo"><PARAMETERS><PARAMETER DEFINITION="DcmDsdSidTabServiceId" INITIAL="true" VALUE="20" /><PARAMETER DEFINITION="DcmDsdSidTabSubfuncAvail" INITIAL="true" VALUE="false" /></PARAMETERS></CONTAINER><CONTAINER DEFINITION="DcmDsdService" INITIAL="true" SHORTNAME="ReadDtcInfo"><PARAMETERS><PARAMETER DEFINITION="DcmDsdSidTabServiceId" INITIAL="true" VALUE="25" /><PARAMETER DEFINITION="DcmDsdSidTabSubfuncAvail" INITIAL="true" VALUE="true" /></PARAMETERS><SUB-CONTAINERS><CONTAINER DEFINITION="DcmDsdSubService" INITIAL="true" SHORTNAME="RDTCBSM"><PARAMETERS><PARAMETER DEFINITION="DcmDsdSubServiceId" INITIAL="true" VALUE="2" /></PARAMETERS></CONTAINER><CONTAINER DEFINITION="DcmDsdSubService" INITIAL="true" SHORTNAME="RNODTCBSM"><PARAMETERS><PARAMETER DEFINITION="DcmDsdSubServiceId" INITIAL="true" VALUE="1" /></PARAMETERS></CONTAINER><CONTAINER DEFINITION="DcmDsdSubService" INITIAL="true" SHORTNAME="RDTCEDRBDN"><PARAMETERS><PARAMETER DEFINITION="DcmDsdSubServiceId" INITIAL="true" VALUE="6" /></PARAMETERS></CONTAINER></SUB-CONTAINERS></CONTAINER><CONTAINER DEFINITION="DcmDsdService" INITIAL="true" SHORTNAME="ReadDataById"><PARAMETERS><PARAMETER DEFINITION="DcmDsdSidTabServiceId" INITIAL="true" VALUE="34" /><PARAMETER DEFINITION="DcmDsdSidTabSubfuncAvail" INITIAL="true" VALUE="false" /></PARAMETERS></CONTAINER><CONTAINER DEFINITION="DcmDsdService" INITIAL="true" SHORTNAME="SecurityAccess"><PARAMETERS><PARAMETER DEFINITION="DcmDsdSidTabServiceId" INITIAL="true" VALUE="39" /><PARAMETER DEFINITION="DcmDsdSidTabSubfuncAvail" INITIAL="true" VALUE="true" /><PARAMETER DEFINITION="DcmDsdSidTabSessionLevelRef" INITIAL="true" VALUE="Dcm/DcmConfigSet/DcmDsp/DcmDspSession/Programming" /><PARAMETER DEFINITION="DcmDsdSidTabSessionLevelRef" INITIAL="true" VALUE="Dcm/DcmConfigSet/DcmDsp/DcmDspSession/Extended" /></PARAMETERS><SUB-CONTAINERS><CONTAINER DEFINITION="DcmDsdSubService" INITIAL="true" SHORTNAME="Seed_Level1_Request"><PARAMETERS><PARAMETER DEFINITION="DcmDsdSubServiceId" INITIAL="true" VALUE="1" /><PARAMETER DEFINITION="DcmDsdSubServiceSessionLevelRef" INITIAL="true" VALUE="Dcm/DcmConfigSet/DcmDsp/DcmDspSession/Programming" /><PARAMETER DEFINITION="DcmDsdSubServiceSessionLevelRef" INITIAL="true" VALUE="Dcm/DcmConfigSet/DcmDsp/DcmDspSession/Extended" /></PARAMETERS></CONTAINER><CONTAINER DEFINITION="DcmDsdSubService" INITIAL="true" SHORTNAME="Level1_1_Send"><PARAMETERS><PARAMETER DEFINITION="DcmDsdSubServiceId" INITIAL="true" VALUE="2" /><PARAMETER DEFINITION="DcmDsdSubServiceSessionLevelRef" INITIAL="true" VALUE="Dcm/DcmConfigSet/DcmDsp/DcmDspSession/Programming" /><PARAMETER DEFINITION="DcmDsdSubServiceSessionLevelRef" INITIAL="true" VALUE="Dcm/DcmConfigSet/DcmDsp/DcmDspSession/Extended" /></PARAMETERS></CONTAINER></SUB-CONTAINERS></CONTAINER><CONTAINER DEFINITION="DcmDsdService" INITIAL="true" SHORTNAME="WriteDataById"><PARAMETERS><PARAMETER DEFINITION="DcmDsdSidTabServiceId" INITIAL="true" VALUE="46" /><PARAMETER DEFINITION="DcmDsdSidTabSubfuncAvail" INITIAL="true" VALUE="false" /></PARAMETERS></CONTAINER><CONTAINER DEFINITION="DcmDsdService" INITIAL="true" SHORTNAME="TesterPresent"><PARAMETERS><PARAMETER DEFINITION="DcmDsdSidTabServiceId" INITIAL="true" VALUE="62" /><PARAMETER DEFINITION="DcmDsdSidTabSubfuncAvail" INITIAL="true" VALUE="true" /></PARAMETERS><SUB-CONTAINERS><CONTAINER DEFINITION="DcmDsdSubService" INITIAL="true" SHORTNAME="TesterPresent"><PARAMETERS><PARAMETER DEFINITION="DcmDsdSubServiceId" INITIAL="true" VALUE="0" /></PARAMETERS></CONTAINER></SUB-CONTAINERS></CONTAINER><CONTAINER DEFINITION="DcmDsdService" INITIAL="true" SHORTNAME="ControlDtcSetting"><PARAMETERS><PARAMETER DEFINITION="DcmDsdSidTabServiceId" INITIAL="true" VALUE="133" /><PARAMETER DEFINITION="DcmDsdSidTabSubfuncAvail" INITIAL="true" VALUE="true" /></PARAMETERS><SUB-CONTAINERS><CONTAINER DEFINITION="DcmDsdSubService" INITIAL="true" SHORTNAME="Enable"><PARAMETERS><PARAMETER DEFINITION="DcmDsdSubServiceId" INITIAL="true" VALUE="1" /></PARAMETERS></CONTAINER><CONTAINER DEFINITION="DcmDsdSubService" INITIAL="true" SHORTNAME="Disable"><PARAMETERS><PARAMETER DEFINITION="DcmDsdSubServiceId" INITIAL="true" VALUE="2" /></PARAMETERS></CONTAINER></SUB-CONTAINERS></CONTAINER></SUB-CONTAINERS></CONTAINER></SUB-CONTAINERS></CONTAINER><CONTAINER DEFINITION="DcmDsp" INITIAL="true" SHORTNAME="DcmDsp"><PARAMETERS><PARAMETER DEFINITION="DcmDspMaxDidToRead" INITIAL="true" VALUE="5" /></PARAMETERS><SUB-CONTAINERS><CONTAINER DEFINITION="DcmDspData" INITIAL="true" SHORTNAME="Diag_RWDI_PassingLane_PassingLane_PassingLane"><PARAMETERS><PARAMETER DEFINITION="DcmDspDataSize" INITIAL="true" VALUE="8" /><PARAMETER DEFINITION="DcmDspDataType" INITIAL="true" VALUE="UINT8" /><PARAMETER DEFINITION="DcmDspDataInfoRef" INITIAL="true" VALUE="Dcm/DcmConfigSet/DcmDsp/DataInfo_Diag_RWDI_PassingLane_PassingLane_PassingLane" /></PARAMETERS></CONTAINER><CONTAINER DEFINITION="DcmDspDataInfo" INITIAL="true" SHORTNAME="DataInfo_Diag_RWDI_PassingLane_PassingLane_PassingLane"><PARAMETERS><PARAMETER DEFINITION="DcmDspDataFixedLength" INITIAL="true" VALUE="true" /></PARAMETERS></CONTAINER><CONTAINER DEFINITION="DcmDspData" INITIAL="true" SHORTNAME="Diag_RDI_BatteryValue_BatteryValue"><PARAMETERS><PARAMETER DEFINITION="DcmDspDataSize" INITIAL="true" VALUE="32" /><PARAMETER DEFINITION="DcmDspDataType" INITIAL="true" VALUE="UINT32" /><PARAMETER DEFINITION="DcmDspDataInfoRef" INITIAL="true" VALUE="Dcm/DcmConfigSet/DcmDsp/DataInfo_Diag_RDI_BatteryValue_BatteryValue" /></PARAMETERS></CONTAINER><CONTAINER DEFINITION="DcmDspDataInfo" INITIAL="true" SHORTNAME="DataInfo_Diag_RDI_BatteryValue_BatteryValue"><PARAMETERS><PARAMETER DEFINITION="DcmDspDataFixedLength" INITIAL="true" VALUE="true" /></PARAMETERS></CONTAINER><CONTAINER DEFINITION="DcmDspDid" INITIAL="true" SHORTNAME="Diag_RWDI_PassingLane_PassingLane"><PARAMETERS><PARAMETER DEFINITION="DcmDspDidIdentifier" INITIAL="true" VALUE="1" /><PARAMETER DEFINITION="DcmDspDidInfoRef" INITIAL="true" VALUE="Dcm/DcmConfigSet/DcmDsp/DidInfo_Diag_RWDI_PassingLane_PassingLane" /></PARAMETERS><SUB-CONTAINERS><CONTAINER DEFINITION="DcmDspDidSignal" INITIAL="true" SHORTNAME="PassingLane"><PARAMETERS><PARAMETER DEFINITION="DcmDspDidDataPos" INITIAL="true" VALUE="0" /><PARAMETER DEFINITION="DcmDspDidDataRef" INITIAL="true" VALUE="Dcm/DcmConfigSet/DcmDsp/Diag_RWDI_PassingLane_PassingLane_PassingLane" /></PARAMETERS></CONTAINER></SUB-CONTAINERS></CONTAINER><CONTAINER DEFINITION="DcmDspDid" INITIAL="true" SHORTNAME="Diag_RDI_BatteryValue"><PARAMETERS><PARAMETER DEFINITION="DcmDspDidIdentifier" INITIAL="true" VALUE="4096" /><PARAMETER DEFINITION="DcmDspDidInfoRef" INITIAL="true" VALUE="Dcm/DcmConfigSet/DcmDsp/DidInfo_Diag_RDI_BatteryValue" /></PARAMETERS><SUB-CONTAINERS><CONTAINER DEFINITION="DcmDspDidSignal" INITIAL="true" SHORTNAME="BatteryValue"><PARAMETERS><PARAMETER DEFINITION="DcmDspDidDataPos" INITIAL="true" VALUE="0" /><PARAMETER DEFINITION="DcmDspDidDataRef" INITIAL="true" VALUE="Dcm/DcmConfigSet/DcmDsp/Diag_RDI_BatteryValue_BatteryValue" /></PARAMETERS></CONTAINER></SUB-CONTAINERS></CONTAINER><CONTAINER DEFINITION="DcmDspDidInfo" INITIAL="true" SHORTNAME="DidInfo_Diag_RWDI_PassingLane_PassingLane"><SUB-CONTAINERS><CONTAINER DEFINITION="DcmDspDidAccess" INITIAL="true" SHORTNAME="DcmDspDidAccess"><SUB-CONTAINERS><CONTAINER DEFINITION="DcmDspDidRead" INITIAL="true" SHORTNAME="DcmDspDidRead" /><CONTAINER DEFINITION="DcmDspDidWrite" INITIAL="true" SHORTNAME="DcmDspDidWrite" /></SUB-CONTAINERS></CONTAINER></SUB-CONTAINERS></CONTAINER><CONTAINER DEFINITION="DcmDspDidInfo" INITIAL="true" SHORTNAME="DidInfo_Diag_RDI_BatteryValue"><SUB-CONTAINERS><CONTAINER DEFINITION="DcmDspDidAccess" INITIAL="true" SHORTNAME="DcmDspDidAccess"><SUB-CONTAINERS><CONTAINER DEFINITION="DcmDspDidRead" INITIAL="true" SHORTNAME="DcmDspDidRead" /></SUB-CONTAINERS></CONTAINER></SUB-CONTAINERS></CONTAINER><CONTAINER DEFINITION="DcmDspControlDTCSetting" INITIAL="true" SHORTNAME="DcmDspControlDTCSetting"><PARAMETERS><PARAMETER DEFINITION="DcmSupportDTCSettingControlOptionRecord" INITIAL="true" VALUE="true" /></PARAMETERS></CONTAINER><CONTAINER DEFINITION="DcmDspSecurity" INITIAL="true" SHORTNAME="DcmDspSecurity"><SUB-CONTAINERS><CONTAINER DEFINITION="DcmDspSecurityRow" INITIAL="true" SHORTNAME="Locked"><PARAMETERS><PARAMETER DEFINITION="DcmDspSecurityLevel" INITIAL="true" VALUE="0" /></PARAMETERS></CONTAINER><CONTAINER DEFINITION="DcmDspSecurityRow" INITIAL="true" SHORTNAME="Level_01"><PARAMETERS><PARAMETER DEFINITION="DcmDspSecurityDelayTime" INITIAL="true" VALUE="10" /><PARAMETER DEFINITION="DcmDspSecurityDelayTimeOnBoot" INITIAL="true" VALUE="0" /><PARAMETER DEFINITION="DcmDspSecurityKeySize" INITIAL="true" VALUE="2" /><PARAMETER DEFINITION="DcmDspSecurityLevel" INITIAL="true" VALUE="1" /><PARAMETER DEFINITION="DcmDspSecurityNumAttDelay" INITIAL="true" VALUE="3" /><PARAMETER DEFINITION="DcmDspSecuritySeedSize" INITIAL="true" VALUE="2" /></PARAMETERS></CONTAINER></SUB-CONTAINERS></CONTAINER><CONTAINER DEFINITION="DcmDspSession" INITIAL="true" SHORTNAME="DcmDspSession"><SUB-CONTAINERS><CONTAINER DEFINITION="DcmDspSessionRow" INITIAL="true" SHORTNAME="Default"><PARAMETERS><PARAMETER DEFINITION="DcmDspSessionLevel" INITIAL="true" VALUE="1" /><PARAMETER DEFINITION="DcmDspSessionP2ServerMax" INITIAL="true" VALUE="0.05" /><PARAMETER DEFINITION="DcmDspSessionP2StarServerMax" INITIAL="true" VALUE="5" /></PARAMETERS></CONTAINER><CONTAINER DEFINITION="DcmDspSessionRow" INITIAL="true" SHORTNAME="Programming"><PARAMETERS><PARAMETER DEFINITION="DcmDspSessionLevel" INITIAL="true" VALUE="2" /><PARAMETER DEFINITION="DcmDspSessionP2ServerMax" INITIAL="true" VALUE="0.05" /><PARAMETER DEFINITION="DcmDspSessionP2StarServerMax" INITIAL="true" VALUE="5" /></PARAMETERS></CONTAINER><CONTAINER DEFINITION="DcmDspSessionRow" INITIAL="true" SHORTNAME="Extended"><PARAMETERS><PARAMETER DEFINITION="DcmDspSessionLevel" INITIAL="true" VALUE="3" /><PARAMETER DEFINITION="DcmDspSessionP2ServerMax" INITIAL="true" VALUE="0.05" /><PARAMETER DEFINITION="DcmDspSessionP2StarServerMax" INITIAL="true" VALUE="5" /></PARAMETERS></CONTAINER></SUB-CONTAINERS></CONTAINER></SUB-CONTAINERS></CONTAINER></SUB-CONTAINERS></CONTAINER></CONTAINERS></MODULE-CONFIGURATION><MODULE-CONFIGURATION DEFINITION="/MICROSAR/Dem" IMPLEMENTATION-CONFIG-VARIANT="VARIANT-PRE-COMPILE" INITIAL="true" MODULE-DESCRIPTION="/MICROSAR/Dem/Dem_Impl" SHORTNAME="Dem"><CONTAINERS><CONTAINER DEFINITION="DemConfigSet" INITIAL="true" SHORTNAME="DemConfigSet"><SUB-CONTAINERS><CONTAINER DEFINITION="DemDTCClass" INITIAL="true" SHORTNAME="DTCClass_DTC_0x000002"><PARAMETERS><PARAMETER DEFINITION="DemUdsDTC" INITIAL="true" VALUE="2" /></PARAMETERS></CONTAINER><CONTAINER DEFINITION="DemEventParameter" INITIAL="true" SHORTNAME="DTC_0x000002"><PARAMETERS><PARAMETER DEFINITION="DemEventKind" INITIAL="false" VALUE="DEM_EVENT_KIND_SWC" /><PARAMETER DEFINITION="DemDTCClassRef" INITIAL="true" VALUE="Dem/DemConfigSet/DTCClass_DTC_0x000002" /><PARAMETER DEFINITION="DemExtendedDataClassRef" INITIAL="true" VALUE="Dem/DemGeneral/ExtendedDataClass_4f5344cd" /></PARAMETERS><SUB-CONTAINERS><CONTAINER DEFINITION="DemEventClass" INITIAL="true" SHORTNAME="DemEventClass"><PARAMETERS><PARAMETER DEFINITION="DemAgingAllowed" INITIAL="true" VALUE="false" /><PARAMETER DEFINITION="DemAgingCycleCounterThreshold" INITIAL="true" VALUE="1" /><PARAMETER DEFINITION="DemEventDestination" INITIAL="true" VALUE="DEM_DTC_ORIGIN_PRIMARY_MEMORY" /><PARAMETER DEFINITION="DemEventPriority" INITIAL="true" VALUE="2" /><PARAMETER DEFINITION="DemAgingCycleRef" INITIAL="true" VALUE="Dem/DemGeneral/IgnitionCycle" /><PARAMETER DEFINITION="DemOperationCycleRef" INITIAL="true" VALUE="Dem/DemGeneral/IgnitionCycle" /></PARAMETERS><SUB-CONTAINERS><CONTAINER DEFINITION="DemDebounceAlgorithmClass" INITIAL="true" SHORTNAME="DemDebounceAlgorithmClass"><SUB-CONTAINERS><CONTAINER DEFINITION="DemDebounceCounterBased" INITIAL="true" SHORTNAME="DemDebounceCounterBased"><PARAMETERS><PARAMETER DEFINITION="DemDebounceCounterDecrementStepSize" INITIAL="true" VALUE="1" /><PARAMETER DEFINITION="DemDebounceCounterIncrementStepSize" INITIAL="true" VALUE="1" /><PARAMETER DEFINITION="DemDebounceCounterJumpDown" INITIAL="true" VALUE="false" /><PARAMETER DEFINITION="DemDebounceCounterJumpUp" INITIAL="true" VALUE="true" /></PARAMETERS></CONTAINER></SUB-CONTAINERS></CONTAINER></SUB-CONTAINERS></CONTAINER></SUB-CONTAINERS></CONTAINER></SUB-CONTAINERS></CONTAINER><CONTAINER DEFINITION="DemGeneral" INITIAL="true" SHORTNAME="DemGeneral"><PARAMETERS><PARAMETER DEFINITION="DemAgingCycleCounterProcessing" INITIAL="true" VALUE="DEM_PROCESS_AGINGCTR_INTERN" /><PARAMETER DEFINITION="DemDebounceCounterBasedSupport" INITIAL="true" VALUE="true" /><PARAMETER DEFINITION="DemDtcStatusAvailabilityMask" INITIAL="true" VALUE="121" /><PARAMETER DEFINITION="DemMaxNumberEventEntryMirror" INITIAL="true" VALUE="0" /><PARAMETER DEFINITION="DemPTOSupport" INITIAL="true" VALUE="false" /><PARAMETER DEFINITION="DemTypeOfFreezeFrameRecordNumeration" INITIAL="false" VALUE="DEM_FF_RECNUM_CALCULATED" /></PARAMETERS><SUB-CONTAINERS><CONTAINER DEFINITION="DemExtendedDataClass" INITIAL="true" SHORTNAME="ExtendedDataClass_4f5344cd"><PARAMETERS><PARAMETER DEFINITION="DemExtendedDataRecordClassRef" INITIAL="true" VALUE="Dem/DemGeneral/OccurrenceCounter" /><PARAMETER DEFINITION="DemExtendedDataRecordClassRef" INITIAL="true" VALUE="Dem/DemGeneral/BatteryValue" /></PARAMETERS></CONTAINER><CONTAINER DEFINITION="DemExtendedDataRecordClass" INITIAL="true" SHORTNAME="OccurrenceCounter"><PARAMETERS><PARAMETER DEFINITION="DemExtendedDataRecordNumber" INITIAL="true" VALUE="1" /><PARAMETER DEFINITION="DemDataElementClassRef" INITIAL="true" VALUE="Dem/DemGeneral/OccurrenceCounter_OccurenceCounter/OccurrenceCounter_OccurenceCounter" /></PARAMETERS></CONTAINER><CONTAINER DEFINITION="DemExtendedDataRecordClass" INITIAL="true" SHORTNAME="BatteryValue"><PARAMETERS><PARAMETER DEFINITION="DemExtendedDataRecordNumber" INITIAL="true" VALUE="2" /><PARAMETER DEFINITION="DemDataElementClassRef" INITIAL="true" VALUE="Dem/DemGeneral/BatteryValue_BatteryValue/BatteryValue_BatteryValue" /></PARAMETERS></CONTAINER><CONTAINER DEFINITION="DemOperationCycle" INITIAL="true" SHORTNAME="IgnitionCycle"><PARAMETERS><PARAMETER DEFINITION="DemOperationCycleType" INITIAL="true" VALUE="DEM_OPCYC_IGNITION" /></PARAMETERS></CONTAINER><CONTAINER DEFINITION="DemOperationCycle" INITIAL="true" SHORTNAME="PowerCycle"><PARAMETERS><PARAMETER DEFINITION="DemOperationCycleType" INITIAL="true" VALUE="DEM_OPCYC_POWER" /></PARAMETERS></CONTAINER><CONTAINER DEFINITION="DemDataElementClass" INITIAL="true" SHORTNAME="BatteryValue_BatteryValue"><SUB-CONTAINERS><CONTAINER DEFINITION="DemExternalCSDataElementClass" INITIAL="true" SHORTNAME="BatteryValue_BatteryValue"><PARAMETERS><PARAMETER DEFINITION="DemDataElementDataSize" INITIAL="true" VALUE="4" /><PARAMETER DEFINITION="DemUseEventIdArgumentForCallback" INITIAL="true" VALUE="false" /><PARAMETER DEFINITION="DemDataElementStoreNonVolatile" INITIAL="true" VALUE="true" /></PARAMETERS></CONTAINER></SUB-CONTAINERS></CONTAINER><CONTAINER DEFINITION="DemDataElementClass" INITIAL="true" SHORTNAME="OccurrenceCounter_OccurenceCounter"><SUB-CONTAINERS><CONTAINER DEFINITION="DemExternalCSDataElementClass" INITIAL="true" SHORTNAME="OccurrenceCounter_OccurenceCounter"><PARAMETERS><PARAMETER DEFINITION="DemDataElementDataSize" INITIAL="true" VALUE="4" /><PARAMETER DEFINITION="DemUseEventIdArgumentForCallback" INITIAL="true" VALUE="false" /><PARAMETER DEFINITION="DemDataElementStoreNonVolatile" INITIAL="true" VALUE="true" /></PARAMETERS></CONTAINER></SUB-CONTAINERS></CONTAINER></SUB-CONTAINERS></CONTAINER></CONTAINERS></MODULE-CONFIGURATION></AUTOSAR>