<!--<?xml version="1.0" encoding="UTF-8"?>
-->
<VttVsProject xmlns:xsi="http://www.w3.org/2001/XMLSchema-instance" xmlns="http://www.vector.com/vtt/projectgenerator">
   <Settings
     Compiler="VisualStudio2013"
     RootDirectory="C:\CanCollege\Autosar4\E3_Communication\"
     SutOutputDirectory="C:\CanCollege\Autosar4\E3_Communication\SUT" 
     CompilerOutDirSuffix="_vc120" />
   <Debug
      KernelPath="C:\Program Files\Vector vVIRTUALtarget 1.0\Exec32\VttKernel.exe"
      KernelConfigurationPath="C:\CanCollege\Autosar4\E3_Communication\SUT\MyECU.rtcfg" />
   <Solution
      SolutionName="MyECU"
      SolutionGuid="1DAEE393-FB7F-46F3-BC89-0708AE1FB3D9"
      SolutionDirectory="C:\CanCollege\Autosar4\E3_Communication\Solution" />
   <Project
      EcuInstance="MyECU"
      ProjectGuid="1610C855-A325-4088-8ADC-0D3467867A3D"
      ProjectDirectory="C:\CanCollege\Autosar4\E3_Communication\Solution\MyECU"
      BswDirectory="C:\CanCollege\Autosar4\BSW"
      GenDataDirectory="C:\CanCollege\Autosar4\E3_Communication\Appl\GenDataVtt" 
      SourceDirectory="C:\CanCollege\Autosar4\E3_Communication\Appl\Source"
      AdditionalCompileOptions=""
      AdditionalLinkOptions=""
      PowerSupplyInitValue="1"
      ExecutionMode="PREEMPTIVE_MULTITHREAD">
      <EcucFile Path="C:\CanCollege\Autosar4\E3_Communication\Config\ECUC\MyECU.ecuc.arxml" />
      <CompileElements>
          <File Path="C:\CanCollege\Autosar4\E3_Communication\Appl\Source\CtApMySwc.c"/>
          <File Path="C:\CanCollege\Autosar4\E3_Communication\Appl\Source\CtSaDoor.c"/>
          <File Path="C:\CanCollege\Autosar4\E3_Communication\Appl\Source\CtSaInteriorLight.c"/>
          <File Path="C:\CanCollege\Autosar4\E3_Communication\Appl\Source\CtCddIoHwAb.c"/>
          <File Path="C:\CanCollege\Autosar4\E3_Communication\Appl\Source\Main.c"/>
          <File Path="C:\CanCollege\Autosar4\E3_Communication\Appl\Source\VttSysVars.c"/>
      </CompileElements>
      <AdditionalIncludeDirectory Path="C:\CanCollege\Autosar4\E3_Communication\Appl\Source" />
      <AdditionalIncludeDirectory Path="C:\CanCollege\Autosar4\E3_Communication\Appl\Include" />
      <AdditionalIncludeDirectory Path="C:\CanCollege\Autosar4\BSW\Vtt_Common" />
      <PreprocessorDefinition Symbol="RTE_VFB_TRACE"/>
      <Timing Parameter="TICKDURATION" Value="1000" />
      <Timing Parameter="PREISR" Value="1" />
      <Timing Parameter="POSTISR" Value="1" />
      <Timing Parameter="PRETASK" Value="1" />
      <Timing Parameter="TASKSWITCH" Value="1" />
   </Project>
</VttVsProject>